<XMLDB xmlns:xsi="http://www.w3.org/2001/XMLSchema-instance" PATH="local/buykart/db" VERSION="20150505" COMMENT="XMLDB file for Moodle local/buykart" xsi:noNamespaceSchemaLocation="../../../lib/xmldb/xmldb.xsd">
    <TABLES>
        <TABLE NAME="local_buykart_product" COMMENT="Buykart product settings">
            <FIELDS>
                <FIELD NAME="id" TYPE="int" LENGTH="10" NOTNULL="true" SEQUENCE="true" />
                <FIELD NAME="course_id" TYPE="int" LENGTH="10" NOTNULL="true" SEQUENCE="false" />
                <FIELD NAME="is_enabled" TYPE="int" LENGTH="1" NOTNULL="false" DEFAULT="0" SEQUENCE="false" />
                <FIELD NAME="variation_count" TYPE="int" LENGTH="1" NOTNULL="true" DEFAULT="0" SEQUENCE="false" />
                <FIELD NAME="type" TYPE="text" NOTNULL="false" SEQUENCE="false" />
                <FIELD NAME="tags" TYPE="text" NOTNULL="false" SEQUENCE="false" />
                <FIELD NAME="description" TYPE="text" NOTNULL="false" SEQUENCE="false" />
            </FIELDS>
            <KEYS>
                <KEY NAME="primary" TYPE="primary" FIELDS="id" />
            </KEYS>
        </TABLE>
        <TABLE NAME="local_buykart_variation" COMMENT="Buykart product variation settings">
            <FIELDS>
                <FIELD NAME="id" TYPE="int" LENGTH="10" NOTNULL="true" SEQUENCE="true" />
                <FIELD NAME="product_id" TYPE="int" LENGTH="10" NOTNULL="true" SEQUENCE="false" />
                <FIELD NAME="is_enabled" TYPE="int" LENGTH="1" NOTNULL="false" DEFAULT="0" SEQUENCE="false" />
                <FIELD NAME="name" TYPE="text" NOTNULL="false" SEQUENCE="false" />
                <FIELD NAME="price" TYPE="float" LENGTH="10" NOTNULL="false" DEFAULT="0" SEQUENCE="false" DECIMALS="2" />
                <FIELD NAME="duration" TYPE="int" LENGTH="10" NOTNULL="false" DEFAULT="0" SEQUENCE="false" />
                <FIELD NAME="group_id" TYPE="int" LENGTH="10" NOTNULL="false" SEQUENCE="false" />
            </FIELDS>
            <KEYS>
                <KEY NAME="primary" TYPE="primary" FIELDS="id" />
            </KEYS>
        </TABLE>
        <TABLE NAME="local_buykart_transaction" COMMENT="Buykart transactions">
            <FIELDS>
                <FIELD NAME="id" TYPE="int" LENGTH="10" NOTNULL="true" SEQUENCE="true"/>
                <FIELD NAME="txn_id" TYPE="char" LENGTH="255" NOTNULL="false" SEQUENCE="false" COMMENT="The transaction id from the payment gateway, eg paypal"/>
                <FIELD NAME="user_id" TYPE="int" LENGTH="10" NOTNULL="false" SEQUENCE="false" COMMENT="The id of the user who created this transaction"/>
                <FIELD NAME="gateway" TYPE="text" NOTNULL="false" SEQUENCE="false" COMMENT="The payment gateway"/>
                <FIELD NAME="status" TYPE="int" LENGTH="1" NOTNULL="false" DEFAULT="0" SEQUENCE="false" COMMENT="The status of the transaction"/>
                <FIELD NAME="purchase_date" TYPE="int" LENGTH="10" NOTNULL="false" SEQUENCE="false" COMMENT="The date of when this transaction was made"/>
            </FIELDS>
            <KEYS>
                <KEY NAME="primary" TYPE="primary" FIELDS="id"/>
            </KEYS>
        </TABLE>
        <TABLE NAME="local_buykart_trans_item" COMMENT="buykart transaction items">
            <FIELDS>
                <FIELD NAME="id" TYPE="int" LENGTH="10" NOTNULL="true" SEQUENCE="true"/>
                <FIELD NAME="transaction_id" TYPE="int" LENGTH="10" NOTNULL="false" SEQUENCE="false" COMMENT="The buykartTransaction id"/>
                <FIELD NAME="product_id" TYPE="int" LENGTH="10" NOTNULL="false" SEQUENCE="false" COMMENT="The buykartProduct id"/>
                <FIELD NAME="variation_id" TYPE="int" LENGTH="10" NOTNULL="false" SEQUENCE="false" COMMENT="The buykartProductVariation id"/>
                <FIELD NAME="item_cost" TYPE="float" LENGTH="10" NOTNULL="false" DECIMALS="2" SEQUENCE="false"  COMMENT="The cost of this item at time of transaction"/>
            </FIELDS>
            <KEYS>
                <KEY NAME="primary" TYPE="primary" FIELDS="id"/>
            </KEYS>
        </TABLE>
        <TABLE NAME="local_buykart_incart" COMMENT="buykart cart items">
            <FIELDS>
                <FIELD NAME="id" TYPE="int" LENGTH="10" NOTNULL="true" SEQUENCE="true"/>
                <FIELD NAME="productid" TYPE="int" LENGTH="10" NOTNULL="false" SEQUENCE="false" COMMENT="The product id"/>
                <FIELD NAME="userid" TYPE="int" LENGTH="10" NOTNULL="false" SEQUENCE="false" COMMENT="current user id"/>
                <FIELD NAME="variation" TYPE="int" LENGTH="10" NOTNULL="false" SEQUENCE="false" COMMENT="The buykartProductVariation id"/>
            </FIELDS>
            <KEYS>
                <KEY NAME="primary" TYPE="primary" FIELDS="id"/>
            </KEYS>
        </TABLE>
    </TABLES>
</XMLDB>
