<?xml version="1.0"?>
<libraries>
    <library>
        <location>less/bootstrap</location>
        <name>Twitter Bootstrap</name>
        <license>Apache</license>
        <version>2.3.2</version>
        <licenseversion>2.0</licenseversion>
    </library>
    <library>
        <location>less/fontawesome</location>
        <name>FontAwesome icon font</name>
        <license>MIT</license>
        <version>4.1.0</version>
        <licenseversion>1.0</licenseversion>
    </library>
    <library>
        <location>bootstrap_2_3_2.js</location>
        <name>Twitter Bootstrap JavaScript</name>
        <license>Apache</license>
        <version>2.3.2</version>
        <licenseversion>2.0</licenseversion>
    </library>
    <library>
        <location>jquery/html5shiv_3_7_2.js</location>
        <name>Html5Shiv</name>
        <license>GPL</license>
        <version>3.7.2</version>
        <licenseversion>2.0</licenseversion>
    </library>
    <library>
        <location>jBreadCrumb_1_1.js</location>
        <name>jBreadcrumb</name>
        <license>MIT</license>
        <version>1.1</version>
        <licenseversion>1.0</licenseversion>
    </library>
    <library>
        <location>javascript/dock.js</location>
        <name>Docking Script for Moodle 2.7+</name>
        <license>GPL</license>
        <version></version>
        <licenseversion>2.0</licenseversion>
    </library>
    <library>
        <location>javascript/coloursswitcher.js</location>
        <name>Colour Switcher from Splash theme</name>
        <license>GPL</license>
        <version>2014041400</version>
        <licenseversion>3.0</licenseversion>
    </library>
    <library>
        <location>jquery/fitvids_1_1.js</location>
        <name>FitVids auto video sizer</name>
        <license>WTFPL</license>
        <version>1_1</version>
        <licenseversion>2.0</licenseversion>
    </library>
</libraries>
